

CREATE TABLE TRAINING(
TRAINING_ID integer(7), 
TRAINING_NAME varchar(30),
TRAINING_COST varchar(5),
TOTAL_HOURS integer(3)

);
INSERT INTO TRAINING VALUES ('00001','Artificial Intelligence','280€'    , '66');
INSERT INTO TRAINING VALUES ('00002','Graphic Design','460€'      		 , '66');
INSERT INTO TRAINING VALUES ('00003','Digital Marketing','280€'    		 , '66');
INSERT INTO TRAINING VALUES ('00004','Java Fundamentals','190€'   		 , '39');
INSERT INTO TRAINING VALUES ('00005','Cloud Computing','500€'         	 , '66');
INSERT INTO TRAINING VALUES ('00006','CISCO','420€'                   	 , '66');
INSERT INTO TRAINING VALUES ('00007','Cyber Security','260€'        	 , '66');
INSERT INTO TRAINING VALUES ('00008','Software Development','360€'       , '78');
INSERT INTO TRAINING VALUES ('00009','Python Fundamentals','190€'        , '39');
INSERT INTO TRAINING VALUES ('00010','JavaScript','190€'                 , '51');
INSERT INTO TRAINING VALUES ('00011','AVR - Virtual Reality','400€'      , '51');
INSERT INTO TRAINING VALUES ('00012','Database Development','300€'       , '39');
INSERT INTO TRAINING VALUES ('00013','Network Security','220€'           , '27');
INSERT INTO TRAINING VALUES ('00014','WWW Programming','290€'            , '39');
INSERT INTO TRAINING VALUES ('00015','IOS App Development','440€'        , '78');
INSERT INTO TRAINING VALUES ('00016','Advanced Java','190€'              , '39');
INSERT INTO TRAINING VALUES ('00017','PHP7 Web Application','210€'       , '39');
INSERT INTO TRAINING VALUES ('00018','Python Advanced','190€'            , '27');
INSERT INTO TRAINING VALUES ('00019','Web Design','240€'                 , '39');
INSERT INTO TRAINING VALUES ('00020','Game Development and Design','500€', '39');

create table TRAINING_SESSION(
TRAINING_SESSION_CODE integer(7),
TRAINING_SESSION_NUMBER integer(7),
TRAINING_ID integer(7), 
START_DATE date,
END_DATE date,
UPDATE_TIME date,
TRAINING_ROOM varchar(10)
);

INSERT INTO TRAINING_SESSION VALUES ('1000001','20000', '00001', '2021-01-10', '2021-06-11', '2021-06-20' ,'Lab AI');
INSERT INTO TRAINING_SESSION VALUES ('1000002','20000', '00002', '2021-01-17', '2021-06-18', '2021-06-27' ,'Lab GD');
INSERT INTO TRAINING_SESSION VALUES ('1000003','20000', '00003', '2021-01-24', '2021-06-25', '2021-07-04' ,'Lab DM');
INSERT INTO TRAINING_SESSION VALUES ('1000004','20000', '00004', '2021-01-10', '2021-04-09', '2021-04-18' ,'Lab JF');
INSERT INTO TRAINING_SESSION VALUES ('1000005','20000', '00005', '2021-01-17', '2021-06-18', '2021-06-27' ,'Lab CC');
INSERT INTO TRAINING_SESSION VALUES ('1000006','20000', '00006', '2021-01-24', '2021-06-25', '2021-07-04' ,'Lab C');
INSERT INTO TRAINING_SESSION VALUES ('1000007','20000', '00007', '2021-01-31', '2021-07-02', '2021-07-18' ,'Lab AI');
INSERT INTO TRAINING_SESSION VALUES ('1000008','20000', '00008', '2021-01-10', '2021-07-09', '2021-07-25' ,'Lab DM');
INSERT INTO TRAINING_SESSION VALUES ('1000009','20000', '00009', '2021-01-31', '2021-04-30', '2021-05-09' ,'Lab JF');
INSERT INTO TRAINING_SESSION VALUES ('1000010','20000', '00010', '2021-02-07', '2021-06-04', '2021-06-13' ,'Lab C');
INSERT INTO TRAINING_SESSION VALUES ('1000011','20000', '00011', '2021-02-14', '2021-06-11', '2021-06-27' ,'Lab AI');
INSERT INTO TRAINING_SESSION VALUES ('1000012','20000', '00012', '2021-01-17', '2021-05-14', '2021-06-30' ,'Lab CC');
INSERT INTO TRAINING_SESSION VALUES ('1000013','20000', '00013', '2021-02-14', '2021-04-16', '2021-05-02' ,'Lab AI');
INSERT INTO TRAINING_SESSION VALUES ('1000014','20000', '00014', '2021-01-31', '2021-04-29', '2021-05-23' ,'Lab DM');
INSERT INTO TRAINING_SESSION VALUES ('1000015','20000', '00015', '2021-02-07', '2021-08-06', '2021-08-29' ,'Lab JF');
INSERT INTO TRAINING_SESSION VALUES ('1000016','20000', '00016', '2021-01-24', '2021-03-26', '2021-04-11' ,'Lab JF');
INSERT INTO TRAINING_SESSION VALUES ('1000017','20000', '00017', '2021-01-31', '2021-04-30', '2021-05-23' ,'Lab CC');
INSERT INTO TRAINING_SESSION VALUES ('1000018','20000', '00018', '2021-01-31', '2021-05-02', '2021-03-21' ,'Lab JF');
INSERT INTO TRAINING_SESSION VALUES ('1000019','20000', '00019', '2021-01-10', '2021-04-09', '2021-05-25' ,'Lab DM');
INSERT INTO TRAINING_SESSION VALUES ('1000020','20000', '00020', '2021-02-21', '2021-05-21', '2021-06-20' ,'Lab GD');
INSERT INTO TRAINING_SESSION VALUES ('1000021','20001', '00001', '2021-06-20', '2021-11-21', '2021-12-10' ,'Lab AI');




CREATE TABLE TRAINING_HOURS (
TRAINING_HOUR_CODE integer(20),
TRAINING_SESSION_CODE integer (7),
START_TIME time,
END_TIME time,
TRAINING_HOUR_DATE date
);
# java1
INSERT INTO TRAINING_HOURS VALUES ('10001','1000008','08:30:00','10:00:00','2021-01-10');
INSERT INTO TRAINING_HOURS VALUES ('10001','1000019','11:45:00','13:15:00','2021-01-10');
INSERT INTO TRAINING_HOURS VALUES ('10001','1000001','13:30:00','15:00:00','2021-01-10');
INSERT INTO TRAINING_HOURS VALUES ('10001','1000004','15:00:00','16:30:00','2021-01-10');
INSERT INTO TRAINING_HOURS VALUES ('10002','1000008','13:30:00','15:00:00','2021-01-11');
INSERT INTO TRAINING_HOURS VALUES ('10002','1000019','11:45:00','13:15:00','2021-01-11');
INSERT INTO TRAINING_HOURS VALUES ('10002','1000001','13:30:00','15:00:00','2021-01-11');
INSERT INTO TRAINING_HOURS VALUES ('10003','1000008','10:00:00','11:30:00','2021-01-13');
INSERT INTO TRAINING_HOURS VALUES ('10003','1000019','11:45:00','13:15:00','2021-01-13');
INSERT INTO TRAINING_HOURS VALUES ('10002','1000004','15:00:00','16:30:00','2021-01-13');
INSERT INTO TRAINING_HOURS VALUES ('10003','1000001','13:30:00','15:00:00','2021-01-14');
INSERT INTO TRAINING_HOURS VALUES ('10003','1000004','15:00:00','16:30:00','2021-01-15');


#java 2
INSERT INTO TRAINING_HOURS VALUES ('10004','1000008','08:30:00','10:00:00','2021-01-17');
INSERT INTO TRAINING_HOURS VALUES ('10004','1000019','11:45:00','13:15:00','2021-01-17');
INSERT INTO TRAINING_HOURS VALUES ('10004','1000001','13:30:00','15:00:00','2021-01-17');
INSERT INTO TRAINING_HOURS VALUES ('10004','1000004','15:00:00','16:30:00','2021-01-18');
INSERT INTO TRAINING_HOURS VALUES ('10001','1000002','08:30:00','10:00:00','2021-01-18');
INSERT INTO TRAINING_HOURS VALUES ('10001','1000005','10:30:00','12:00:00','2021-01-18');
INSERT INTO TRAINING_HOURS VALUES ('10001','1000012','12:00:00','13:30:00','2021-01-18');
INSERT INTO TRAINING_HOURS VALUES ('10005','1000008','13:30:00','15:00:00','2021-01-19');
INSERT INTO TRAINING_HOURS VALUES ('10005','1000019','11:45:00','13:15:00','2021-01-19');
INSERT INTO TRAINING_HOURS VALUES ('10005','1000001','13:30:00','15:00:00','2021-01-19');
INSERT INTO TRAINING_HOURS VALUES ('10002','1000002','15:00:00','16:30:00','2021-01-19');
INSERT INTO TRAINING_HOURS VALUES ('10002','1000005','16:30:00','18:00:00','2021-01-20');
INSERT INTO TRAINING_HOURS VALUES ('10006','1000008','10:00:00','11:30:00','2021-01-20');
INSERT INTO TRAINING_HOURS VALUES ('10006','1000019','11:45:00','13:15:00','2021-01-20');
INSERT INTO TRAINING_HOURS VALUES ('10005','1000004','15:00:00','16:30:00','2021-01-20');
INSERT INTO TRAINING_HOURS VALUES ('10002','1000012','16:30:00','18:00:00','2021-01-21');
INSERT INTO TRAINING_HOURS VALUES ('10003','1000005','10:30:00','12:00:00','2021-01-21');
INSERT INTO TRAINING_HOURS VALUES ('10003','1000002','12:00:00','13:30:00','2021-01-21');
INSERT INTO TRAINING_HOURS VALUES ('10006','1000001','13:30:00','15:00:00','2021-01-22');
INSERT INTO TRAINING_HOURS VALUES ('10003','1000012','13:30:00','15:00:00','2021-01-22');
INSERT INTO TRAINING_HOURS VALUES ('10006','1000004','15:00:00','16:30:00','2021-01-22');


#java 3
INSERT INTO TRAINING_HOURS VALUES ('10007','1000008','08:30:00','10:00:00','2021-01-24');
INSERT INTO TRAINING_HOURS VALUES ('10001','1000003','10:00:00','11:30:00','2021-01-24');
INSERT INTO TRAINING_HOURS VALUES ('10007','1000019','11:45:00','13:15:00','2021-01-24');
INSERT INTO TRAINING_HOURS VALUES ('10007','1000001','13:30:00','15:00:00','2021-01-24');
INSERT INTO TRAINING_HOURS VALUES ('10007','1000004','15:00:00','16:30:00','2021-01-24');
INSERT INTO TRAINING_HOURS VALUES ('10004','1000002','08:30:00','10:00:00','2021-01-25');
INSERT INTO TRAINING_HOURS VALUES ('10004','1000005','10:30:00','12:00:00','2021-01-25');
INSERT INTO TRAINING_HOURS VALUES ('10004','1000012','12:00:00','13:30:00','2021-01-25');
INSERT INTO TRAINING_HOURS VALUES ('10008','1000008','13:30:00','15:00:00','2021-01-25');
INSERT INTO TRAINING_HOURS VALUES ('10001','1000006','15:00:00','16:30:00','2021-01-25');
INSERT INTO TRAINING_HOURS VALUES ('10001','1000016','10:00:00','11:30:00','2021-01-26');
INSERT INTO TRAINING_HOURS VALUES ('10008','1000019','11:45:00','13:15:00','2021-01-26');
INSERT INTO TRAINING_HOURS VALUES ('10008','1000001','13:30:00','15:00:00','2021-01-26');
INSERT INTO TRAINING_HOURS VALUES ('10005','1000002','15:00:00','16:30:00','2021-01-26');
INSERT INTO TRAINING_HOURS VALUES ('10005','1000005','16:30:00','18:00:00','2021-01-26');
INSERT INTO TRAINING_HOURS VALUES ('10002','1000003','09:30:00','10:00:00','2021-01-27');
INSERT INTO TRAINING_HOURS VALUES ('10009','1000008','10:00:00','11:30:00','2021-01-27');
INSERT INTO TRAINING_HOURS VALUES ('10009','1000019','11:45:00','13:15:00','2021-01-27');
INSERT INTO TRAINING_HOURS VALUES ('10008','1000004','15:00:00','16:30:00','2021-01-27');
INSERT INTO TRAINING_HOURS VALUES ('10005','1000012','16:30:00','18:00:00','2021-01-27');
INSERT INTO TRAINING_HOURS VALUES ('10002','1000016','07:30:00','09:00:00','2021-01-28');
INSERT INTO TRAINING_HOURS VALUES ('10002','1000006','09:00:00','10:30:00','2021-01-28');
INSERT INTO TRAINING_HOURS VALUES ('10006','1000005','10:30:00','12:00:00','2021-01-28');
INSERT INTO TRAINING_HOURS VALUES ('10006','1000002','12:00:00','13:30:00','2021-01-28');
INSERT INTO TRAINING_HOURS VALUES ('10009','1000001','13:30:00','15:00:00','2021-01-28');
INSERT INTO TRAINING_HOURS VALUES ('10003','1000016','09:00:00','10:30:00','2021-01-29');
INSERT INTO TRAINING_HOURS VALUES ('10003','1000006','10:30:00','12:00:00','2021-01-29');
INSERT INTO TRAINING_HOURS VALUES ('10003','1000003','12:00:00','13:30:00','2021-01-29');
INSERT INTO TRAINING_HOURS VALUES ('10006','1000012','13:30:00','15:00:00','2021-01-29');
INSERT INTO TRAINING_HOURS VALUES ('10009','1000004','15:00:00','16:30:00','2021-01-29');


#java 4
INSERT INTO TRAINING_HOURS VALUES ('10010','1000008','08:30:00','10:00:00','2021-01-31');
INSERT INTO TRAINING_HOURS VALUES ('10004','1000003','10:00:00','11:30:00','2021-01-31');
INSERT INTO TRAINING_HOURS VALUES ('10010','1000019','11:45:00','13:15:00','2021-01-31');
INSERT INTO TRAINING_HOURS VALUES ('10010','1000001','13:30:00','15:00:00','2021-01-31');
INSERT INTO TRAINING_HOURS VALUES ('10010','1000004','15:00:00','16:30:00','2021-01-31');
INSERT INTO TRAINING_HOURS VALUES ('10001','1000007','16:30:00','18:00:00','2021-01-31');
INSERT INTO TRAINING_HOURS VALUES ('10001','1000014','18:00:00','19:30:00','2021-01-31');
INSERT INTO TRAINING_HOURS VALUES ('10007','1000002','08:30:00','10:00:00','2021-02-01');
INSERT INTO TRAINING_HOURS VALUES ('10007','1000005','10:30:00','12:00:00','2021-02-01');
INSERT INTO TRAINING_HOURS VALUES ('10007','1000012','12:00:00','13:30:00','2021-02-01');
INSERT INTO TRAINING_HOURS VALUES ('10011','1000008','13:30:00','15:00:00','2021-02-01');
INSERT INTO TRAINING_HOURS VALUES ('10004','1000006','15:00:00','16:30:00','2021-02-01');
INSERT INTO TRAINING_HOURS VALUES ('10001','1000017','16:30:00','18:00:00','2021-02-01');
INSERT INTO TRAINING_HOURS VALUES ('10001','1000018','18:00:00','19:30:00','2021-02-01');
INSERT INTO TRAINING_HOURS VALUES ('10002','1000014','08:00:00','09:30:00','2021-02-02');
INSERT INTO TRAINING_HOURS VALUES ('10002','1000007','09:30:00','10:00:00','2021-02-02');
INSERT INTO TRAINING_HOURS VALUES ('10004','1000016','10:00:00','11:30:00','2021-02-02');
INSERT INTO TRAINING_HOURS VALUES ('10011','1000019','11:45:00','13:15:00','2021-02-02');
INSERT INTO TRAINING_HOURS VALUES ('10011','1000001','13:30:00','15:00:00','2021-02-02');
INSERT INTO TRAINING_HOURS VALUES ('10008','1000002','15:00:00','16:30:00','2021-02-02');
INSERT INTO TRAINING_HOURS VALUES ('10008','1000005','16:30:00','18:00:00','2021-02-02');
INSERT INTO TRAINING_HOURS VALUES ('10002','1000017','08:00:00','09:30:00','2021-02-03');
INSERT INTO TRAINING_HOURS VALUES ('10005','1000003','09:30:00','10:00:00','2021-02-03');
INSERT INTO TRAINING_HOURS VALUES ('10012','1000008','10:00:00','11:30:00','2021-02-03');
INSERT INTO TRAINING_HOURS VALUES ('10012','1000019','11:45:00','13:15:00','2021-02-03');
INSERT INTO TRAINING_HOURS VALUES ('10002','1000018','13:30:00','15:00:00','2021-02-03');
INSERT INTO TRAINING_HOURS VALUES ('10011','1000004','15:00:00','16:30:00','2021-02-03');
INSERT INTO TRAINING_HOURS VALUES ('10008','1000012','16:30:00','18:00:00','2021-02-03');
INSERT INTO TRAINING_HOURS VALUES ('10005','1000016','07:30:00','09:00:00','2021-02-04');
INSERT INTO TRAINING_HOURS VALUES ('10005','1000006','09:00:00','10:30:00','2021-02-04');
INSERT INTO TRAINING_HOURS VALUES ('10009','1000005','10:30:00','12:00:00','2021-02-04');
INSERT INTO TRAINING_HOURS VALUES ('10009','1000002','12:00:00','13:30:00','2021-02-04');
INSERT INTO TRAINING_HOURS VALUES ('10012','1000001','13:30:00','15:00:00','2021-02-04');
INSERT INTO TRAINING_HOURS VALUES ('10003','1000007','15:00:00','16:30:00','2021-02-04');
INSERT INTO TRAINING_HOURS VALUES ('10003','1000014','16:30:00','18:00:00','2021-02-04');
INSERT INTO TRAINING_HOURS VALUES ('10006','1000016','09:00:00','10:30:00','2021-02-05');
INSERT INTO TRAINING_HOURS VALUES ('10006','1000006','10:30:00','12:00:00','2021-02-05');
INSERT INTO TRAINING_HOURS VALUES ('10006','1000003','12:00:00','13:30:00','2021-02-05');
INSERT INTO TRAINING_HOURS VALUES ('10009','1000012','13:30:00','15:00:00','2021-02-05');
INSERT INTO TRAINING_HOURS VALUES ('10012','1000004','15:00:00','16:30:00','2021-02-05');
INSERT INTO TRAINING_HOURS VALUES ('10003','1000017','16:30:00','18:00:00','2021-02-05');
INSERT INTO TRAINING_HOURS VALUES ('10003','1000018','18:00:00','19:30:00','2021-02-05');

#java5
INSERT INTO TRAINING_HOURS VALUES ('10001','1000010','07:30:00','09:00:00','2021-02-07');
INSERT INTO TRAINING_HOURS VALUES ('10013','1000008','08:30:00','10:00:00','2021-02-07');
INSERT INTO TRAINING_HOURS VALUES ('10007','1000003','10:00:00','11:30:00','2021-02-07');
INSERT INTO TRAINING_HOURS VALUES ('10013','1000019','11:45:00','13:15:00','2021-02-07');
INSERT INTO TRAINING_HOURS VALUES ('10013','1000001','13:30:00','15:00:00','2021-02-07');
INSERT INTO TRAINING_HOURS VALUES ('10013','1000004','15:00:00','16:30:00','2021-02-07');
INSERT INTO TRAINING_HOURS VALUES ('10004','1000007','16:30:00','18:00:00','2021-02-07');
INSERT INTO TRAINING_HOURS VALUES ('10004','1000014','18:00:00','19:30:00','2021-02-07');
INSERT INTO TRAINING_HOURS VALUES ('10001','1000015','07:30:00','09:00:00','2021-02-08');
INSERT INTO TRAINING_HOURS VALUES ('10010','1000002','08:30:00','10:00:00','2021-02-08');
INSERT INTO TRAINING_HOURS VALUES ('10010','1000005','10:30:00','12:00:00','2021-02-08');
INSERT INTO TRAINING_HOURS VALUES ('10010','1000012','12:00:00','13:30:00','2021-02-08');
INSERT INTO TRAINING_HOURS VALUES ('10014','1000008','13:30:00','15:00:00','2021-02-08');
INSERT INTO TRAINING_HOURS VALUES ('10007','1000006','15:00:00','16:30:00','2021-02-08');
INSERT INTO TRAINING_HOURS VALUES ('10004','1000017','16:30:00','18:00:00','2021-02-08');
INSERT INTO TRAINING_HOURS VALUES ('10004','1000018','18:00:00','19:30:00','2021-02-08');
INSERT INTO TRAINING_HOURS VALUES ('10005','1000014','08:00:00','09:30:00','2021-02-09');
INSERT INTO TRAINING_HOURS VALUES ('10005','1000007','09:30:00','10:00:00','2021-02-09');
INSERT INTO TRAINING_HOURS VALUES ('10007','1000016','10:00:00','11:30:00','2021-02-09');
INSERT INTO TRAINING_HOURS VALUES ('10014','1000019','11:45:00','13:15:00','2021-02-09');
INSERT INTO TRAINING_HOURS VALUES ('10014','1000001','13:30:00','15:00:00','2021-02-09');
INSERT INTO TRAINING_HOURS VALUES ('10002','1000010','15:30:00','17:00:00','2021-02-09');
INSERT INTO TRAINING_HOURS VALUES ('10011','1000002','15:00:00','16:30:00','2021-02-09');
INSERT INTO TRAINING_HOURS VALUES ('10011','1000005','16:30:00','18:00:00','2021-02-09');
INSERT INTO TRAINING_HOURS VALUES ('10005','1000017','08:00:00','09:30:00','2021-02-10');
INSERT INTO TRAINING_HOURS VALUES ('10008','1000003','09:30:00','10:00:00','2021-02-10');
INSERT INTO TRAINING_HOURS VALUES ('10015','1000008','10:00:00','11:30:00','2021-02-10');
INSERT INTO TRAINING_HOURS VALUES ('10015','1000019','11:45:00','13:15:00','2021-02-10');
INSERT INTO TRAINING_HOURS VALUES ('10005','1000018','13:30:00','15:00:00','2021-02-10');
INSERT INTO TRAINING_HOURS VALUES ('10014','1000004','15:00:00','16:30:00','2021-02-10');
INSERT INTO TRAINING_HOURS VALUES ('10011','1000012','16:30:00','18:00:00','2021-02-10');
INSERT INTO TRAINING_HOURS VALUES ('10002','1000015','18:00:00','19:30:00','2021-02-10');
INSERT INTO TRAINING_HOURS VALUES ('10008','1000016','07:30:00','09:00:00','2021-02-11');
INSERT INTO TRAINING_HOURS VALUES ('10008','1000006','09:00:00','10:30:00','2021-02-11');
INSERT INTO TRAINING_HOURS VALUES ('10012','1000005','10:30:00','12:00:00','2021-02-11');
INSERT INTO TRAINING_HOURS VALUES ('10012','1000002','12:00:00','13:30:00','2021-02-11');
INSERT INTO TRAINING_HOURS VALUES ('10015','1000001','13:30:00','15:00:00','2021-02-11');
INSERT INTO TRAINING_HOURS VALUES ('10006','1000007','15:00:00','16:30:00','2021-02-11');
INSERT INTO TRAINING_HOURS VALUES ('10006','1000014','16:30:00','18:00:00','2021-02-11');
INSERT INTO TRAINING_HOURS VALUES ('10003','1000010','18:00:00','19:30:00','2021-02-11');
INSERT INTO TRAINING_HOURS VALUES ('10003','1000015','07:30:00','09:00:00','2021-02-12');
INSERT INTO TRAINING_HOURS VALUES ('10009','1000016','09:00:00','10:30:00','2021-02-12');
INSERT INTO TRAINING_HOURS VALUES ('10009','1000006','10:30:00','12:00:00','2021-02-12');
INSERT INTO TRAINING_HOURS VALUES ('10009','1000003','12:00:00','13:30:00','2021-02-12');
INSERT INTO TRAINING_HOURS VALUES ('10012','1000012','13:30:00','15:00:00','2021-02-12');
INSERT INTO TRAINING_HOURS VALUES ('10015','1000004','15:00:00','16:30:00','2021-02-12');
INSERT INTO TRAINING_HOURS VALUES ('10006','1000017','16:30:00','18:00:00','2021-02-12');
INSERT INTO TRAINING_HOURS VALUES ('10006','1000018','18:00:00','19:30:00','2021-02-12');

#java6
INSERT INTO TRAINING_HOURS VALUES ('10004','1000010','07:30:00','09:00:00','2021-02-14');
INSERT INTO TRAINING_HOURS VALUES ('10016','1000008','08:30:00','10:00:00','2021-02-14');
INSERT INTO TRAINING_HOURS VALUES ('10010','1000003','10:00:00','11:30:00','2021-02-14');
INSERT INTO TRAINING_HOURS VALUES ('10016','1000019','11:45:00','13:15:00','2021-02-14');
INSERT INTO TRAINING_HOURS VALUES ('10016','1000001','13:30:00','15:00:00','2021-02-14');
INSERT INTO TRAINING_HOURS VALUES ('10016','1000004','15:00:00','16:30:00','2021-02-14');
INSERT INTO TRAINING_HOURS VALUES ('10007','1000007','16:30:00','18:00:00','2021-02-14');
INSERT INTO TRAINING_HOURS VALUES ('10007','1000014','18:00:00','19:30:00','2021-02-14');
INSERT INTO TRAINING_HOURS VALUES ('10001','1000011','18:30:00','20:00:00','2021-02-14');
INSERT INTO TRAINING_HOURS VALUES ('10004','1000015','07:30:00','09:00:00','2021-02-15');
INSERT INTO TRAINING_HOURS VALUES ('10013','1000002','08:30:00','10:00:00','2021-02-15');
INSERT INTO TRAINING_HOURS VALUES ('10013','1000005','10:30:00','12:00:00','2021-02-15');
INSERT INTO TRAINING_HOURS VALUES ('10013','1000012','12:00:00','13:30:00','2021-02-15');
INSERT INTO TRAINING_HOURS VALUES ('10017','1000008','13:30:00','15:00:00','2021-02-15');
INSERT INTO TRAINING_HOURS VALUES ('10010','1000006','15:00:00','16:30:00','2021-02-15');
INSERT INTO TRAINING_HOURS VALUES ('10007','1000017','16:30:00','18:00:00','2021-02-15');
INSERT INTO TRAINING_HOURS VALUES ('10007','1000018','18:00:00','19:30:00','2021-02-15');
INSERT INTO TRAINING_HOURS VALUES ('10001','1000013','18:30:00','20:00:00','2021-02-15');
INSERT INTO TRAINING_HOURS VALUES ('10008','1000014','08:00:00','09:30:00','2021-02-16');
INSERT INTO TRAINING_HOURS VALUES ('10008','1000007','09:30:00','10:00:00','2021-02-16');
INSERT INTO TRAINING_HOURS VALUES ('10010','1000016','10:00:00','11:30:00','2021-02-16');
INSERT INTO TRAINING_HOURS VALUES ('10017','1000019','11:45:00','13:15:00','2021-02-16');
INSERT INTO TRAINING_HOURS VALUES ('10017','1000001','13:30:00','15:00:00','2021-02-16');
INSERT INTO TRAINING_HOURS VALUES ('10005','1000010','15:30:00','17:00:00','2021-02-16');
INSERT INTO TRAINING_HOURS VALUES ('10014','1000002','15:00:00','16:30:00','2021-02-16');
INSERT INTO TRAINING_HOURS VALUES ('10014','1000005','16:30:00','18:00:00','2021-02-16');
INSERT INTO TRAINING_HOURS VALUES ('10002','1000011','18:00:00','19:30:00','2021-02-16');
INSERT INTO TRAINING_HOURS VALUES ('10008','1000017','08:00:00','09:30:00','2021-02-17');
INSERT INTO TRAINING_HOURS VALUES ('10011','1000003','09:30:00','10:00:00','2021-02-17');
INSERT INTO TRAINING_HOURS VALUES ('10018','1000008','10:00:00','11:30:00','2021-02-17');
INSERT INTO TRAINING_HOURS VALUES ('10018','1000019','11:45:00','13:15:00','2021-02-17');
INSERT INTO TRAINING_HOURS VALUES ('10008','1000018','13:30:00','15:00:00','2021-02-17');
INSERT INTO TRAINING_HOURS VALUES ('10017','1000004','15:00:00','16:30:00','2021-02-17');
INSERT INTO TRAINING_HOURS VALUES ('10014','1000012','16:30:00','18:00:00','2021-02-17');
INSERT INTO TRAINING_HOURS VALUES ('10005','1000015','18:00:00','19:30:00','2021-02-17');
INSERT INTO TRAINING_HOURS VALUES ('10002','1000013','18:30:00','20:00:00','2021-02-17');
INSERT INTO TRAINING_HOURS VALUES ('10011','1000016','07:30:00','09:00:00','2021-02-18');
INSERT INTO TRAINING_HOURS VALUES ('10011','1000006','09:00:00','10:30:00','2021-02-18');
INSERT INTO TRAINING_HOURS VALUES ('10015','1000005','10:30:00','12:00:00','2021-02-18');
INSERT INTO TRAINING_HOURS VALUES ('10015','1000002','12:00:00','13:30:00','2021-02-18');
INSERT INTO TRAINING_HOURS VALUES ('10018','1000001','13:30:00','15:00:00','2021-02-18');
INSERT INTO TRAINING_HOURS VALUES ('10009','1000007','15:00:00','16:30:00','2021-02-18');
INSERT INTO TRAINING_HOURS VALUES ('10009','1000014','16:30:00','18:00:00','2021-02-18');
INSERT INTO TRAINING_HOURS VALUES ('10006','1000010','18:00:00','19:30:00','2021-02-18');
INSERT INTO TRAINING_HOURS VALUES ('10003','1000011','18:30:00','20:00:00','2021-02-18');
INSERT INTO TRAINING_HOURS VALUES ('10006','1000015','07:30:00','09:00:00','2021-02-19');
INSERT INTO TRAINING_HOURS VALUES ('10012','1000016','09:00:00','10:30:00','2021-02-19');
INSERT INTO TRAINING_HOURS VALUES ('10012','1000006','10:30:00','12:00:00','2021-02-19');
INSERT INTO TRAINING_HOURS VALUES ('10012','1000003','12:00:00','13:30:00','2021-02-19');
INSERT INTO TRAINING_HOURS VALUES ('10015','1000012','13:30:00','15:00:00','2021-02-19');
INSERT INTO TRAINING_HOURS VALUES ('10018','1000004','15:00:00','16:30:00','2021-02-19');
INSERT INTO TRAINING_HOURS VALUES ('10009','1000017','16:30:00','18:00:00','2021-02-19');
INSERT INTO TRAINING_HOURS VALUES ('10009','1000018','18:00:00','19:30:00','2021-02-19');
INSERT INTO TRAINING_HOURS VALUES ('10003','1000013','18:30:00','20:00:00','2021-02-19');


#java7
INSERT INTO TRAINING_HOURS VALUES ('10007','1000010','07:30:00','09:00:00','2021-02-21');
INSERT INTO TRAINING_HOURS VALUES ('10019','1000008','08:30:00','10:00:00','2021-02-21');
INSERT INTO TRAINING_HOURS VALUES ('10013','1000003','10:00:00','11:30:00','2021-02-21');
INSERT INTO TRAINING_HOURS VALUES ('10019','1000019','11:45:00','13:15:00','2021-02-21');
INSERT INTO TRAINING_HOURS VALUES ('10019','1000001','13:30:00','15:00:00','2021-02-21');
INSERT INTO TRAINING_HOURS VALUES ('10019','1000004','15:00:00','16:30:00','2021-02-21');
INSERT INTO TRAINING_HOURS VALUES ('10010','1000007','16:30:00','18:00:00','2021-02-21');
INSERT INTO TRAINING_HOURS VALUES ('10010','1000014','18:00:00','19:30:00','2021-02-21');
INSERT INTO TRAINING_HOURS VALUES ('10004','1000011','18:30:00','20:00:00','2021-02-21');
INSERT INTO TRAINING_HOURS VALUES ('10007','1000015','07:30:00','09:00:00','2021-02-22');
INSERT INTO TRAINING_HOURS VALUES ('10016','1000002','08:30:00','10:00:00','2021-02-22');
INSERT INTO TRAINING_HOURS VALUES ('10016','1000005','10:30:00','12:00:00','2021-02-22');
INSERT INTO TRAINING_HOURS VALUES ('10016','1000012','12:00:00','13:30:00','2021-02-22');
INSERT INTO TRAINING_HOURS VALUES ('10020','1000008','13:30:00','15:00:00','2021-02-22');
INSERT INTO TRAINING_HOURS VALUES ('10001','1000020','14:15:00','15:45:00','2021-02-22');
INSERT INTO TRAINING_HOURS VALUES ('10013','1000006','15:00:00','16:30:00','2021-02-22');
INSERT INTO TRAINING_HOURS VALUES ('10010','1000017','16:30:00','18:00:00','2021-02-22');
INSERT INTO TRAINING_HOURS VALUES ('10010','1000018','18:00:00','19:30:00','2021-02-22');
INSERT INTO TRAINING_HOURS VALUES ('10004','1000013','18:30:00','20:00:00','2021-02-22');
INSERT INTO TRAINING_HOURS VALUES ('10011','1000014','08:00:00','09:30:00','2021-02-23');
INSERT INTO TRAINING_HOURS VALUES ('10011','1000007','09:30:00','10:00:00','2021-02-23');
INSERT INTO TRAINING_HOURS VALUES ('10013','1000016','10:00:00','11:30:00','2021-02-23');
INSERT INTO TRAINING_HOURS VALUES ('10020','1000019','11:45:00','13:15:00','2021-02-23');
INSERT INTO TRAINING_HOURS VALUES ('10020','1000001','13:30:00','15:00:00','2021-02-23');
INSERT INTO TRAINING_HOURS VALUES ('10002','1000020','14:15:00','15:45:00','2021-02-23');
INSERT INTO TRAINING_HOURS VALUES ('10008','1000010','15:30:00','17:00:00','2021-02-23');
INSERT INTO TRAINING_HOURS VALUES ('10017','1000002','15:00:00','16:30:00','2021-02-23');
INSERT INTO TRAINING_HOURS VALUES ('10017','1000005','16:30:00','18:00:00','2021-02-23');
INSERT INTO TRAINING_HOURS VALUES ('10005','1000011','18:00:00','19:30:00','2021-02-23');
INSERT INTO TRAINING_HOURS VALUES ('10011','1000017','08:00:00','09:30:00','2021-02-24');
INSERT INTO TRAINING_HOURS VALUES ('10014','1000003','09:30:00','10:00:00','2021-02-24');
INSERT INTO TRAINING_HOURS VALUES ('10021','1000008','10:00:00','11:30:00','2021-02-24');
INSERT INTO TRAINING_HOURS VALUES ('10021','1000019','11:45:00','13:15:00','2021-02-24');
INSERT INTO TRAINING_HOURS VALUES ('10011','1000018','13:30:00','15:00:00','2021-02-24');
INSERT INTO TRAINING_HOURS VALUES ('10020','1000004','15:00:00','16:30:00','2021-02-24');
INSERT INTO TRAINING_HOURS VALUES ('10017','1000012','16:30:00','18:00:00','2021-02-24');
INSERT INTO TRAINING_HOURS VALUES ('10008','1000015','18:00:00','19:30:00','2021-02-24');
INSERT INTO TRAINING_HOURS VALUES ('10005','1000013','18:30:00','20:00:00','2021-02-24');
INSERT INTO TRAINING_HOURS VALUES ('10014','1000016','07:30:00','09:00:00','2021-02-25');
INSERT INTO TRAINING_HOURS VALUES ('10014','1000006','09:00:00','10:30:00','2021-02-25');
INSERT INTO TRAINING_HOURS VALUES ('10018','1000005','10:30:00','12:00:00','2021-02-25');
INSERT INTO TRAINING_HOURS VALUES ('10018','1000002','12:00:00','13:30:00','2021-02-25');
INSERT INTO TRAINING_HOURS VALUES ('10021','1000001','13:30:00','15:00:00','2021-02-25');
INSERT INTO TRAINING_HOURS VALUES ('10012','1000007','15:00:00','16:30:00','2021-02-25');
INSERT INTO TRAINING_HOURS VALUES ('10012','1000014','16:30:00','18:00:00','2021-02-25');
INSERT INTO TRAINING_HOURS VALUES ('10009','1000010','18:00:00','19:30:00','2021-02-25');
INSERT INTO TRAINING_HOURS VALUES ('10006','1000011','18:30:00','20:00:00','2021-02-25');
INSERT INTO TRAINING_HOURS VALUES ('10009','1000015','07:30:00','09:00:00','2021-02-26');
INSERT INTO TRAINING_HOURS VALUES ('10015','1000016','09:00:00','10:30:00','2021-02-26');
INSERT INTO TRAINING_HOURS VALUES ('10015','1000006','10:30:00','12:00:00','2021-02-26');
INSERT INTO TRAINING_HOURS VALUES ('10015','1000003','12:00:00','13:30:00','2021-02-26');
INSERT INTO TRAINING_HOURS VALUES ('10018','1000012','13:30:00','15:00:00','2021-02-26');
INSERT INTO TRAINING_HOURS VALUES ('10003','1000020','14:00:00','15:30:00','2021-02-26');
INSERT INTO TRAINING_HOURS VALUES ('10021','1000004','15:00:00','16:30:00','2021-02-26');
INSERT INTO TRAINING_HOURS VALUES ('10012','1000017','16:30:00','18:00:00','2021-02-26');
INSERT INTO TRAINING_HOURS VALUES ('10012','1000018','18:00:00','19:30:00','2021-02-26');
INSERT INTO TRAINING_HOURS VALUES ('10006','1000013','18:30:00','20:00:00','2021-02-26');


CREATE TABLE TRAINING_ATTENDANCE (
TRAINING_HOUR_CODE integer(20),
TRAINING_SESSION_CODE integer (7),
CANDIDATE_ID integer(7),
PRESENCE boolean );

INSERT INTO TRAINING_ATTENDANCE VALUES('10001','1000001','2400001',TRUE);
INSERT INTO TRAINING_ATTENDANCE VALUES('10002','1000001','2400001',TRUE);
INSERT INTO TRAINING_ATTENDANCE VALUES('10003','1000001','2400001',FALSE);
INSERT INTO TRAINING_ATTENDANCE VALUES('10004','1000001','2400001',TRUE);


INSERT INTO TRAINING_ATTENDANCE VALUES('10001','1000001','2400002',TRUE);
INSERT INTO TRAINING_ATTENDANCE VALUES('10002','1000001','2400002',FALSE);
INSERT INTO TRAINING_ATTENDANCE VALUES('10003','1000001','2400002',FALSE);

INSERT INTO TRAINING_ATTENDANCE VALUES('10001','1000001','2400003',TRUE);
INSERT INTO TRAINING_ATTENDANCE VALUES('10002','1000001','2400003',TRUE);
INSERT INTO TRAINING_ATTENDANCE VALUES('10003','1000001','2400003',TRUE);
INSERT INTO TRAINING_ATTENDANCE VALUES('10004','1000001','2400003',TRUE);
INSERT INTO TRAINING_ATTENDANCE VALUES('10005','1000001','2400003',FALSE);
INSERT INTO TRAINING_ATTENDANCE VALUES('10001','1000001','2400004',TRUE);
INSERT INTO TRAINING_ATTENDANCE VALUES('10002','1000001','2400004',FALSE);
INSERT INTO TRAINING_ATTENDANCE VALUES('10001','1000001','2400005',TRUE);

INSERT INTO TRAINING_ATTENDANCE VALUES('10001','1000002','2400006',TRUE);
INSERT INTO TRAINING_ATTENDANCE VALUES('10001','1000002','2400007',FALSE);
INSERT INTO TRAINING_ATTENDANCE VALUES('10001','1000002','2400008',TRUE);
INSERT INTO TRAINING_ATTENDANCE VALUES('10001','1000002','2400009',FALSE);
INSERT INTO TRAINING_ATTENDANCE VALUES('10001','1000002','2400010',TRUE);

INSERT INTO TRAINING_ATTENDANCE VALUES('10001','1000003','2400011',FALSE);
INSERT INTO TRAINING_ATTENDANCE VALUES('10001','1000003','2400012',FALSE);
INSERT INTO TRAINING_ATTENDANCE VALUES('10001','1000003','2400013',TRUE);
INSERT INTO TRAINING_ATTENDANCE VALUES('10001','1000003','2400014',TRUE);
INSERT INTO TRAINING_ATTENDANCE VALUES('10001','1000003','2400015',TRUE);

INSERT INTO TRAINING_ATTENDANCE VALUES('10001','1000004','2400016',TRUE);
INSERT INTO TRAINING_ATTENDANCE VALUES('10001','1000004','2400017',FALSE);
INSERT INTO TRAINING_ATTENDANCE VALUES('10001','1000004','2400018',TRUE);
INSERT INTO TRAINING_ATTENDANCE VALUES('10001','1000004','2400019',TRUE);
INSERT INTO TRAINING_ATTENDANCE VALUES('10001','1000004','2400020',TRUE);

INSERT INTO TRAINING_ATTENDANCE VALUES('10001','1000005','2400021',TRUE);
INSERT INTO TRAINING_ATTENDANCE VALUES('10001','1000005','2400022',TRUE);
INSERT INTO TRAINING_ATTENDANCE VALUES('10001','1000005','2400023',TRUE);
INSERT INTO TRAINING_ATTENDANCE VALUES('10001','1000005','2400024',TRUE);
INSERT INTO TRAINING_ATTENDANCE VALUES('10001','1000005','2400025',TRUE);

INSERT INTO TRAINING_ATTENDANCE VALUES('10001','1000006','2400026',TRUE);
INSERT INTO TRAINING_ATTENDANCE VALUES('10001','1000006','2400027',TRUE);
INSERT INTO TRAINING_ATTENDANCE VALUES('10001','1000006','2400028',TRUE);
INSERT INTO TRAINING_ATTENDANCE VALUES('10001','1000006','2400029',TRUE);
INSERT INTO TRAINING_ATTENDANCE VALUES('10001','1000006','2400030',TRUE);

INSERT INTO TRAINING_ATTENDANCE VALUES('10001','1000007','2400031',TRUE);
INSERT INTO TRAINING_ATTENDANCE VALUES('10001','1000007','2400032',FALSE);
INSERT INTO TRAINING_ATTENDANCE VALUES('10001','1000007','2400033',TRUE);
INSERT INTO TRAINING_ATTENDANCE VALUES('10001','1000007','2400034',FALSE);
INSERT INTO TRAINING_ATTENDANCE VALUES('10001','1000007','2400035',TRUE);

INSERT INTO TRAINING_ATTENDANCE VALUES('10001','1000008','2400036',TRUE);
INSERT INTO TRAINING_ATTENDANCE VALUES('10001','1000008','2400037',TRUE);
INSERT INTO TRAINING_ATTENDANCE VALUES('10001','1000008','2400038',TRUE);


CREATE TABLE CANDIDATE(
CANDIDATE_ID integer(7),
CANDIDATE_NAME varchar(12),
CANDIDATE_LNAME varchar(12),
CANDIDATE_GENDER varchar(2),
CANDIDATE_DATE_OF_BIRTH date,
CANDIDATE_EMAIL varchar(50),
CANDIDATE_CITY varchar(20)
);
INSERT INTO CANDIDATE VALUES('2400001','Elvira','Shabani','F', '2002-12-12','elvira.shabani@student.uni-pr.edu','Ferizaj');
INSERT INTO CANDIDATE VALUES('2400002','Erdita','Aliu','F','2002-01-10','erdita.aliu@student.uni-pr.edu', 'Decan'); 
INSERT INTO CANDIDATE VALUES('2400003','Donat','Gashi','M','2001-04-11','donat.gashi@student.uni-pr.edu','Prishtine');
INSERT INTO CANDIDATE VALUES('2400004','Erza','Gashi','F','2002-01-04','erza.gashi@student.uni-pr.edu','Prizren');
INSERT INTO CANDIDATE VALUES('2400005','Eriona','Salihu','F','2000-12-01','eriona.salihu@student.uni-pr.edu','Produjeve');
INSERT INTO CANDIDATE VALUES('2400006','Besnik','Sekiraqa','M','2001-02-02','besnik.sekiraqa@student.uni-pr.edu','Ferizaj');
INSERT INTO CANDIDATE VALUES('2400007','Besiana','Sekiraqa','F','2000-09-18','besiana.sekiraqa@student.uni-pr.edu','Istog');
INSERT INTO CANDIDATE VALUES('2400008','Agnesa','Sejdiu','F','2001-12-12','agnesa.sejdiu@student.uni-pr.edu','Lipjan');
INSERT INTO CANDIDATE VALUES('2400009','Adhurim','Gashi','M','2003-08-05','adhurim.gashi@student.uni-pr.edu','Prishtine');
INSERT INTO CANDIDATE VALUES('2400010','Erisa','Ilazi','F','2001-11-02','erisa.ilazi@student.uni-pr.edu','Gjilan');
INSERT INTO CANDIDATE VALUES('2400011','Altin','Shabani','M','1998-11-13','altin.shabani@student.uni-pr.edu','Kline'); 
INSERT INTO CANDIDATE VALUES('2400012','Blend','Gashi','M','1999-11-11','blend.gashi@student.uni-pr.edu','Prishtine');
INSERT INTO CANDIDATE VALUES('2400013','Erin','Aliu','M','2001-09-07','erin.aliu@student.uni-pr.edu','Ferizaj');
INSERT INTO CANDIDATE VALUES('2400014','Bleona','Musa','F','2002-05-07','bleona.musa@student.uni-pr.edu', 'Mitrovice');
INSERT INTO CANDIDATE VALUES('2400015','Aulona','Syla','F',	'1998-10-03','aulona.syla@student.uni-pr.edu','Gjakove');
INSERT INTO CANDIDATE VALUES('2400016','Zana','Musliu','F',	'2001-01-31','zana.musliu@student.uni-pr.edu','Suhareke');
INSERT INTO CANDIDATE VALUES('2400017','Drilon','Krasniqi',	'M','2002-01-04','drilon.krasniqi@student.uni-pr.ed','Dragash');
INSERT INTO CANDIDATE VALUES('2400018','Florina','Sadiku',	'F','2001-11-08','florina.sadiku@student.uni-pr.edu','Prishtine');
INSERT INTO CANDIDATE VALUES('2400019','Ermal','Sopa','M',	'2003-07-31','ermal.sopa@student.uni-pr.edu', 'Vushtri');
INSERT INTO CANDIDATE VALUES('2400020','Festim','Hyseni','M','2002-04-25','festim.hyseni@student.uni-pr.edu','Prishtine');
INSERT INTO CANDIDATE VALUES('2400021','Leart','Rexha','M','2001-01-21','leart.rexha@student.uni-pr.edu','Viti');  
INSERT INTO CANDIDATE VALUES('2400022','Rina','Gashi','F',	'1999-08-15','rina.gashi@student.uni-pr.edu', 'Junik'); 
INSERT INTO CANDIDATE VALUES('2400023','Endrit','Rama','M',	'2001-10-22','endrit.rama@student.uni-pr.edu','Gjilan');
INSERT INTO CANDIDATE VALUES('2400024','Arlind','Ahmeti','M','2002-02-10','arlind.ahmeti@student.uni-pr.edu','Decan'); 
INSERT INTO CANDIDATE VALUES('2400025','Albert','Veseli','M','2001-11-11','albert.veseli@student.uni-pr.edu','Malisheve');
INSERT INTO CANDIDATE VALUES('2400026','Nora','Shabani','F','2002-12-06','nora.shabani@student.uni-pr.edu','Prishtine');
INSERT INTO CANDIDATE VALUES('2400027','Ardit','Beqiri','M','2001-03-19','ardit.beqiri@student.uni-pr.edu', 'Suhareke');
INSERT INTO CANDIDATE VALUES('2400028','Vesa','Bytyqi','F',	'2003-08-08','vesa.bytyqi@student.uni-pr.edu', 'Gjakove');
INSERT INTO CANDIDATE VALUES('2400029','Valdrin','Osmani','M',	'2001-10-30','valdrin.osmani@student.uni-pr.edu','Kamenice');
INSERT INTO CANDIDATE VALUES('2400030','Rineta','Aliu','F',	'2002-04-24','rineta.aliu@student.uni-pr.edu','Prishtine');
INSERT INTO CANDIDATE VALUES('2400031','Altin','Xhemajli','M','1999-05-09','altin.xhemajli@student.uni-pr.edu','Malisheve');
INSERT INTO CANDIDATE VALUES('2400032','Roni','Ismajli','M','2003-08-05','roni.ismajli@student.uni-pr.edu','Prishtine');
INSERT INTO CANDIDATE VALUES('2400033','Eliza','Mehmeti','F','2000-09-03','eliza.mehmeti@student.uni-pr.edu','Suhareke');
INSERT INTO CANDIDATE VALUES('2400034','Dona','Alija','F','2001-09-03','dona.alija@student.uni-pr.edu','Decan');
INSERT INTO CANDIDATE VALUES('2400035','Lisa','Ramizi','F',	'2000-11-03','lisa.ramizi@student.uni-pr.edu','Gjilan');
INSERT INTO CANDIDATE VALUES('2400036','Bardh','Sadikaj','M','2001-10-12','bardh.sadiku@student.uni-pr.edu','Prishtine');
INSERT INTO CANDIDATE VALUES('2400037','Erjona','Bunjaku','F',	'2002-08-11','erjona.mustafa@student.uni-pr.edu','Gjilan');
INSERT INTO CANDIDATE VALUES('2400038','Era','Gashi','F','2000-10-09','era.gashi@student.uni-pr.edu','Rahovec');
INSERT INTO CANDIDATE VALUES('2300001','Eliza','Susuri','F','2001-03-03','eliza.susuri@student.uni-pr.edu','Ferizaj');
INSERT INTO CANDIDATE VALUES('2300002','Eljesa','Demiri','F','1999-09-02','eljesa.demiri@student.uni-pr.edu','Decan');
INSERT INTO CANDIDATE VALUES('2300003','Bleon','Ademi','M',	'2000-09-01','Bleon Ademi@student.uni-pr.edu','Ferizaj');
INSERT INTO CANDIDATE VALUES('2300004','Andi','Lokaj','M','2002-05-07','andi.lokaj@student.uni-pr.edu','Junik');
INSERT INTO CANDIDATE VALUES('2300005','Viola','Ademi','F','2003-06-02','viola.ademi@student.uni-pr.edu','Ferizaj');
INSERT INTO CANDIDATE VALUES('2300006','Agim','Jashari','M','1997-02-03','agim.jashari@student.uni-pr.edu','Prishtine');
INSERT INTO CANDIDATE VALUES('2300007','Ela','Susuri','F',	'2001-09-06','ela.susuri@student.uni-pr.edu','Lipjan');
INSERT INTO CANDIDATE VALUES('2300008','Elvira','Gashi','F','2003-07-03','elvira.gashi@student.uni-pr.edu','Prishtine');
INSERT INTO CANDIDATE VALUES('2300009','Almira','Krasniqi','F',	'2000-09-02','almira.krasniqi@student.uni-pr.edu','Prishtine');
INSERT INTO CANDIDATE VALUES('2300010','Besa','Buzhala','F','2000-02-06','besa.buzhala@student.uni-pr.edu','Podujeve');
INSERT INTO CANDIDATE VALUES('2300011','Shaban','Haziri','M','2000-09-03','shaban.haziri@student.uni-pr.edu','Mitrovice');
INSERT INTO CANDIDATE VALUES('2300012','Tienda','Zejna','F','2001-02-03','tienda.zejna@student.uni-pr.edu','Mitrovice');
INSERT INTO CANDIDATE VALUES('2300013','Diamant','Gashi','M','2001-02-03','diamant.gashi@student.uni-pr.edu','Viti');
INSERT INTO CANDIDATE VALUES('2300014','Blenda','Krosa','F','1999-11-03','blenda.krosa@student.uni-pr.edu','Lipjan');
INSERT INTO CANDIDATE VALUES('2300015','Blendon','Haziri','M','2000-01-11','blendon.haziri@student.uni-pr.edu','Mitrovice');


CREATE TABLE PROFESSOR(
STAFF_ID integer(7),
TRAINING_SESSION_CODE integer(7)
);

INSERT INTO PROFESSOR VALUES('3400001','1000001');
INSERT INTO PROFESSOR VALUES('3400002','1000002');
INSERT INTO PROFESSOR VALUES('3400003','1000003');
INSERT INTO PROFESSOR VALUES('3400004','1000004');
INSERT INTO PROFESSOR VALUES('3400005','1000005');
INSERT INTO PROFESSOR VALUES('3400006','1000006');
INSERT INTO PROFESSOR VALUES('3400007','1000007');
INSERT INTO PROFESSOR VALUES('3400008','1000008');
INSERT INTO PROFESSOR VALUES('3400009','1000009');
INSERT INTO PROFESSOR VALUES('3400010','1000010');
INSERT INTO PROFESSOR VALUES('3400011','1000011');
INSERT INTO PROFESSOR VALUES('3400012','1000012');
INSERT INTO PROFESSOR VALUES('3400013','1000013');
INSERT INTO PROFESSOR VALUES('3400014','1000014');
INSERT INTO PROFESSOR VALUES('3400015','1000015');
INSERT INTO PROFESSOR VALUES('3400016','1000016');
INSERT INTO PROFESSOR VALUES('3400017','1000017');
INSERT INTO PROFESSOR VALUES('3400018','1000018');
INSERT INTO PROFESSOR VALUES('3400019','1000019');
INSERT INTO PROFESSOR VALUES('3400020','1000020');


CREATE TABLE PAYMENT (
PAYMENT_CODE integer(7),
CANDIDATE_ID integer(7),
TRAINING_ID integer(7),
PAYMENT_DATE date,
PAYMENT_METHOD_ID integer(7)
);
INSERT INTO PAYMENT VALUES('660001','2400001','00001','2021-01-09','10032');
INSERT INTO PAYMENT VALUES('660002','2400002','00001','2021-01-09','10031');
INSERT INTO PAYMENT VALUES('660003','2400003','00001','2021-01-08','10031');
INSERT INTO PAYMENT VALUES('660004','2400004','00001','2021-01-09','10033');
INSERT INTO PAYMENT VALUES('660005','2400005','00001','2021-01-07','10034');
INSERT INTO PAYMENT VALUES('660006','2400006','00002','2021-01-11','10032');
INSERT INTO PAYMENT VALUES('660007','2400007','00002','2021-01-11','10032');
INSERT INTO PAYMENT VALUES('660008','2400008','00002','2021-01-05','10032');
INSERT INTO PAYMENT VALUES('660009','2400009','00002','2021-01-10','10033');
INSERT INTO PAYMENT VALUES('660010','2400010','00002','2021-01-09','10031');
INSERT INTO PAYMENT VALUES('660011','2400011','00003','2021-01-11','10032');
INSERT INTO PAYMENT VALUES('660012','2400012','00003','2021-01-11','10033');
INSERT INTO PAYMENT VALUES('660013','2400013','00003','2021-01-09','10032');
INSERT INTO PAYMENT VALUES('660014','2400014','00003','2021-01-10','10033');
INSERT INTO PAYMENT VALUES('660015','2400015','00003','2021-01-11','10032');
INSERT INTO PAYMENT VALUES('660016','2400016','00004','2021-01-11','10031');
INSERT INTO PAYMENT VALUES('660017','2400017','00004','2021-01-10','10033');
INSERT INTO PAYMENT VALUES('660018','2400018','00004','2021-01-09','10031');
INSERT INTO PAYMENT VALUES('660019','2400019','00004','2021-01-11','10032');
INSERT INTO PAYMENT VALUES('660020','2400020','00004','2021-01-07','10033');
INSERT INTO PAYMENT VALUES('660021','2400021','00005','2021-01-11','10032');
INSERT INTO PAYMENT VALUES('660022','2400022','00005','2021-01-04','10033');
INSERT INTO PAYMENT VALUES('660023','2400023','00005','2021-01-11','10032');
INSERT INTO PAYMENT VALUES('660024','2400024','00005','2021-01-06','10031');
INSERT INTO PAYMENT VALUES('660025','2400025','00005','2021-01-11','10031');
INSERT INTO PAYMENT VALUES('660026','2400026','00006','2021-01-09','10032');
INSERT INTO PAYMENT VALUES('660027','2400027','00006','2021-01-08','10033');
INSERT INTO PAYMENT VALUES('660028','2400028','00006','2021-01-02','10032');
INSERT INTO PAYMENT VALUES('660029','2400029','00006','2021-01-10','10031');
INSERT INTO PAYMENT VALUES('660030','2400030','00006','2021-01-10','10033');



CREATE TABLE PAYMENT_METHOD (
PAYMENT_METHOD_ID integer(7),
PAYMENT_METHOD varchar(15));

INSERT INTO PAYMENT_METHOD VALUES('10031','Master Card');
INSERT INTO PAYMENT_METHOD VALUES('10032','Visa Card');
INSERT INTO PAYMENT_METHOD VALUES('10033','Cash');
INSERT INTO PAYMENT_METHOD VALUES('10034','Post');


CREATE TABLE BANK_INFO (
PAYMENT_CODE integer(7),
CREDIT_CARD_NUMBER integer(30)
);
INSERT INTO BANK_INFO VALUES('660001','1002039994');
INSERT INTO BANK_INFO VALUES('660002','1002038884');
INSERT INTO BANK_INFO VALUES('660003','1002100100');
INSERT INTO BANK_INFO VALUES('660004','1002031111');
INSERT INTO BANK_INFO VALUES('660006','1009101114');
INSERT INTO BANK_INFO VALUES('660007','1002134004');
INSERT INTO BANK_INFO VALUES('660008','1002130112');
INSERT INTO BANK_INFO VALUES('660010','2002130022');
INSERT INTO BANK_INFO VALUES('660011','1002130004');
INSERT INTO BANK_INFO VALUES('660013','1003294040');
INSERT INTO BANK_INFO VALUES('660015','2003294040');
INSERT INTO BANK_INFO VALUES('660016','1102220022');
INSERT INTO BANK_INFO VALUES('660018','1202130004');
INSERT INTO BANK_INFO VALUES('660019','1233284040');
INSERT INTO BANK_INFO VALUES('660021','1303494040');
INSERT INTO BANK_INFO VALUES('660023','1402420022');
INSERT INTO BANK_INFO VALUES('660024','1151130004');
INSERT INTO BANK_INFO VALUES('660025','1000984040');
INSERT INTO BANK_INFO VALUES('660026','1003433040');
INSERT INTO BANK_INFO VALUES('660028','1002220022');
INSERT INTO BANK_INFO VALUES('660029','1002090004');



CREATE TABLE STAFF(
STAFF_ID integer(7),
TITLE varchar(25),
MEMBER_NAME varchar(12),
MEMBER_LNAME varchar(12),
MEMBER_GENDER varchar(2),
MEMBER_DATE_OF_BIRTH date,
MEMBER_EMAIL varchar(35),
PHONE_NUMBER integer(16),
RELATIONSHIP_STATUS varchar(10), 
STAFF_CITY varchar(15));

INSERT INTO STAFF VALUES('4500001','Secretary','Eljesa','Buzhala','F','1990-02-12','eljesa.buzhala@gmail.com','045445420','Married','Ferizaj');							
INSERT INTO STAFF VALUES('4500002','CFO','Era','Bajrami','F','1985-07-01','era.bajrami@gmail.com','045445421','Married','Decan');
INSERT INTO STAFF VALUES('4500003','CEO','Donat','Bajrami','M',	'1977-11-01','donat.bwc@gmail.com','045445422','Married','Prishtine');
INSERT INTO STAFF VALUES('4500004','Secretary','Bashkim','Devaja','M','1970-04-02','bashkim.devaja@gmail.com','045445423','Married','Kamenice');
INSERT INTO STAFF VALUES('4500005','Janitor','Elsa','Kadriu','F','1997-11-12','elsa.kadriuu@gmail.com','045445424','Married','Peje');
INSERT INTO STAFF VALUES('4500006','Security','Luli','Bucaliu','M',	'1989-11-01','luli.bucaliu@gmail.com','045445425','Single','Prizren');
INSERT INTO STAFF VALUES('4500007','Coordinator','Kujtim','Rexha','M','1982-08-01','kujtim.rexha@gmail.com','045445426','Married','Podujeve');
INSERT INTO STAFF VALUES('4500008','IT','Lendrit','Osmani','M',	'1977-02-01','lendrit.osmani@gmail.com','045445427','Married','Viti');
INSERT INTO STAFF VALUES('4500009','IT','Altina','Bllaca','F','1999-01-31','tina.bllaca@gmail.com','045445428','Single','Prishtine');
INSERT INTO STAFF VALUES('4500010','Janitor','Tesa','Rexhepi','F','2000-04-22','tesa.tesa2000@gmail.com','045445429','Single','Lipjan');
INSERT INTO STAFF VALUES('4500011','Receptionist','Jon','Jakupi','M','1999-03-30','joni.jakupi@gmail.com','045445430','Single','Malisheve');
INSERT INTO STAFF VALUES('4500012','Receptionist','Lora','Lokaj','F','1997-05-29','lora.lokaj@gmail.com','045445431','Single','Ferizaj');
INSERT INTO STAFF VALUES('4500013','IT','Alondra','Sejdiu','F',	'1990-01-31','alondra.sejdiu@gmail.com','045445432','Single','Malisheve');
INSERT INTO STAFF VALUES('4500014','Coordinator','Adelina','Mustafa','F','1980-04-22','adelina.mus@gmail.com','045445433','Single','Ferizaj');
INSERT INTO STAFF VALUES('4500015','Social Media Specialist','Drilon','Ajeti','M',	'1990-10-11','drilon.ajeti@gmail.com','045445434','Single','Lipjan');
INSERT INTO STAFF VALUES('4500016','Marketing','Suela','Demiri','F','2000-07-01','suela.demiri@gmail.com','045445435','Single','Gjakove');
INSERT INTO STAFF VALUES('4500017','Marketing','Afrim','Mjaku','F',	'1980-02-09','afrim.mjaku@gmail.com','045445436','Single','Junik');
INSERT INTO STAFF VALUES('4500018','Secretary','Alena','Berisha','F','1999-07-29','alena.berisha@gmail.com','045445437','Single','Prishtine');
INSERT INTO STAFF VALUES('4500019','Social Media Specialit','Albulena','Jakupi','F','1988-07-29','albulena.jakupi@gmail.com','045445438','Single','Prizren');
INSERT INTO STAFF VALUES('4500020','Security','Dion','Ramadani','M','1992-03-25','dion.ramadani@gmail.com','045445439','Single','Drenas');
INSERT INTO STAFF VALUES('3400001','Professor','Korab','Rrmoku','M','1989-01-04','korab.rrmoku@uni-pr.edu','045445439','Married','Prishtine');
INSERT INTO STAFF VALUES('3400002','Professor','Ermir','Rogova','M','1978-08-02','ermir.rogova@uni-pr.edu','045445440','Married','Gjakove');
INSERT INTO STAFF VALUES('3400003','Professor','Faton','Berisha','M','1968-10-08','faton.berisha@uni-pr.edu','045445441','Married','Vushtri');
INSERT INTO STAFF VALUES('3400004','Professor','Mirlinda','Raci','F','1980-01-12','mirlinda.raci@uni-pr.edu','045445442','Married','Kumanove');
INSERT INTO STAFF VALUES('3400005','Professor','Eliot','Bytyqi','M','1982-01-05','eliot.bytyqi@uni-pr.edu','045445443','Married','Prishtine');
INSERT INTO STAFF VALUES('3400006','Professor','Naim','Braha','M','1965-03-12','naim.braha@uni-pr.edu','045445444','Married','Podujeve');
INSERT INTO STAFF VALUES('3400007','Professor','Manush','Mustafa','M','1990-09-12','manush.musafa@uni-pr.edu','045445445','Single','Presheve');
INSERT INTO STAFF VALUES('3400008','Professor','Elver','Bajrami','M','1977-02-28','elver.bajrami@uni-pr.edu','045445446','Married','Prishtine');
INSERT INTO STAFF VALUES('3400009','Professor','Armend','Salihu','M','1989-11-04','armend.salihu@uni-pr.edu','045445447','Married','Lipjan');
INSERT INTO STAFF VALUES('3400010','Professor','Armend','Shabani','M','1970-10-11','armend.shabani@uni-pr.edu','045445448','Married','Lipjan');
INSERT INTO STAFF VALUES('3400011','Professor','Artan','Berisha','M','1985-12-13','artan.berisha@uni-pr.edu','045445449','Married','Peje');
INSERT INTO STAFF VALUES('3400012','Professor','Gresa','Bujupaj','F','1991-01-04','gresa.bujupaj@uni-pr.edu','045445450','Single','Istog');
INSERT INTO STAFF VALUES('3400013','Professor','Shaip','Surdulli','M','1963-04-19','shaip.surdulli@uni-pr.edu','045445451','Married','Kamenice');
INSERT INTO STAFF VALUES('3400014','Professor','Bujar','Fejzullahu','M','1967-06-14','bujar.fejzullahu@uni-pr.edu','045445452','Married','Bujanoc');
INSERT INTO STAFF VALUES('3400015','Professor','Anduena','Shabani','F',	'1979-06-22','anduena.shabani@uni-pr.edu','045445453','Married','Malisheve');
INSERT INTO STAFF VALUES('3400016','Professor','Ramadan','Limani','M','1962-03-15','ramadan.limani@uni-pr.edu','045445454','Married','Prishtine');
INSERT INTO STAFF VALUES('3400017','Professor','Rexhep','Gjergji','M','1960-04-20','rexhep.gjergji@uni-pr.edu','045445455','Married','Prishtine');
INSERT INTO STAFF VALUES('3400018','Professor','Fjolla','Berisha','F','1989-06-22','fjolla.berisha@uni-pr.edu','045445456','Single','Mitrovice');
INSERT INTO STAFF VALUES('3400019','Professor','Qendrim','Gashi','M','1984-11-12','qendrim.gashi@uni-pr.edu','045445457','Married','Decan');
INSERT INTO STAFF VALUES('3400020','Professor','Shukri','Klinaku','M','1966-03-29','shukri.klinaku@uni-pr.edu','045445458','Married','Prishtine');


CREATE TABLE SALARY (
SALARY_CODE integer(7),
STAFF_ID integer(7),
SALARY_AMOUNT integer(5),
CREDIT_CARD_NUMBER integer(30)
);
INSERT INTO SALARY VALUES('890001','4500001','800', '1902039401');
INSERT INTO SALARY VALUES('890002','4500002','1950','1002055401');
INSERT INTO SALARY VALUES('890003','4500003','2150','1882039001');
INSERT INTO SALARY VALUES('890004','4500004','800', '1024039401');
INSERT INTO SALARY VALUES('890005','4500005','400', '1022039401');
INSERT INTO SALARY VALUES('890006','4500006','500', '1009039294');
INSERT INTO SALARY VALUES('890007','4500007','500', '1090209401');
INSERT INTO SALARY VALUES('890008','4500008','1370','1002489401');
INSERT INTO SALARY VALUES('890009','4500009','1370','1009020101');
INSERT INTO SALARY VALUES('890010','4500010','400', '1040109401');
INSERT INTO SALARY VALUES('890011','4500011','700', '1087209401');
INSERT INTO SALARY VALUES('890012','4500012','700', '1091369401');
INSERT INTO SALARY VALUES('890013','4500013','1370','1007430401');
INSERT INTO SALARY VALUES('890014','4500014','950', '1110229401');
INSERT INTO SALARY VALUES('890015','4500015','900', '1033689401');
INSERT INTO SALARY VALUES('890016','4500016','750', '1009109940');
INSERT INTO SALARY VALUES('890017','4500017','750', '1092209401');
INSERT INTO SALARY VALUES('890018','4500018','800', '1220209401');
INSERT INTO SALARY VALUES('890019','4500019','900', '1007909401');
INSERT INTO SALARY VALUES('890020','4500020','500', '1009009401');
INSERT INTO SALARY VALUES('890021','3400001','1500','1200900901');
INSERT INTO SALARY VALUES('890022','3400002','1500','1200900940');
INSERT INTO SALARY VALUES('890023','3400003','1500','1202638940');
INSERT INTO SALARY VALUES('890024','3400004','1500','1203040941');
INSERT INTO SALARY VALUES('890025','3400005','1500','1000210941');
INSERT INTO SALARY VALUES('890026','3400006','1500','1003339401');
INSERT INTO SALARY VALUES('890027','3400007','1500','1213030901');
INSERT INTO SALARY VALUES('890028','3400008','1500','1201930401');
INSERT INTO SALARY VALUES('890029','3400009','1500','2009009403');
INSERT INTO SALARY VALUES('890030','3400010','1500','1200933901');
INSERT INTO SALARY VALUES('890031','3400011','1500','1201004999');
INSERT INTO SALARY VALUES('890032','3400012','1500','1207709401');
INSERT INTO SALARY VALUES('890033','3400013','1500','1209009430');
INSERT INTO SALARY VALUES('890034','3400014','1500','1200912330');
INSERT INTO SALARY VALUES('890035','3400015','1500','1229090941');
INSERT INTO SALARY VALUES('890036','3400016','1500','1204990901');
INSERT INTO SALARY VALUES('890037','3400017','1500','1900900401');
INSERT INTO SALARY VALUES('890038','3400018','1500','1110939401');
INSERT INTO SALARY VALUES('890039','3400019','1500','1202939401');
INSERT INTO SALARY VALUES('890040','3400020','1500','1209239401');


CREATE TABLE EVALUATION(
EVALUATION_ID integer(7),
CANDIDATE_ID integer(7),
TOTAL_POINTS integer(3)
);

INSERT INTO EVALUATION VALUES('350001','2400001','55');
INSERT INTO EVALUATION VALUES('350002','2400002','75');
INSERT INTO EVALUATION VALUES('350003','2400003','60');
INSERT INTO EVALUATION VALUES('350004','2400004','55');
INSERT INTO EVALUATION VALUES('350005','2400005','75');
INSERT INTO EVALUATION VALUES('350006','2400006','78');
INSERT INTO EVALUATION VALUES('350007','2400007','34');
INSERT INTO EVALUATION VALUES('350008','2400008','45');
INSERT INTO EVALUATION VALUES('350009','2400009','12');
INSERT INTO EVALUATION VALUES('350010','2400010','90');
INSERT INTO EVALUATION VALUES('350011','2400011','88');
INSERT INTO EVALUATION VALUES('350012','2400012','34');
INSERT INTO EVALUATION VALUES('350013','2400013','89');
INSERT INTO EVALUATION VALUES('350014','2400014','34');
INSERT INTO EVALUATION VALUES('350015','2400015','66');
INSERT INTO EVALUATION VALUES('350016','2400016','23');
INSERT INTO EVALUATION VALUES('350017','2400017','100');
INSERT INTO EVALUATION VALUES('350018','2400018','85');
INSERT INTO EVALUATION VALUES('350019','2400019','50');
INSERT INTO EVALUATION VALUES('350020','2400020','45');
INSERT INTO EVALUATION VALUES('350021','2400021','35');
INSERT INTO EVALUATION VALUES('350022','2400022','50');


CREATE TABLE CERTIFICATION_ARCHIVE (
CERTIFICATE_ID integer(7),
CERTIFICATION_DATE date,
CANDIDATE_ID integer(7),
TRAINING_ID integer(7)
);

INSERT INTO CERTIFICATION_ARCHIVE VALUES('4000001','2020-02-22','2300001','00001');
INSERT INTO CERTIFICATION_ARCHIVE VALUES('4000002','2020-01-12','2300002','00001');
INSERT INTO CERTIFICATION_ARCHIVE VALUES('4000003','2020-01-13','2300003','00001');
INSERT INTO CERTIFICATION_ARCHIVE VALUES('4000004','2020-02-12','2300003','00002');
INSERT INTO CERTIFICATION_ARCHIVE VALUES('4000005','2020-05-15','2300003','00003');
INSERT INTO CERTIFICATION_ARCHIVE VALUES('4000006','2020-02-12','2300012','00001');
INSERT INTO CERTIFICATION_ARCHIVE VALUES('4000007','2020-02-12','2300014','00006');
INSERT INTO CERTIFICATION_ARCHIVE VALUES('4000008','2020-03-12','2300010','00012');
INSERT INTO CERTIFICATION_ARCHIVE VALUES('4000009','2020-04-22','2300010','00013');
INSERT INTO CERTIFICATION_ARCHIVE VALUES('4000010','2020-02-19','2300015','00011');
INSERT INTO CERTIFICATION_ARCHIVE VALUES('4000011','2020-12-02','2300014','00020');
INSERT INTO CERTIFICATION_ARCHIVE VALUES('4000012','2020-03-13','2300005','00008');
INSERT INTO CERTIFICATION_ARCHIVE VALUES('4000013','2020-03-03','2300006','00002');
INSERT INTO CERTIFICATION_ARCHIVE VALUES('4000014','2020-03-17','2300005','00007');
INSERT INTO CERTIFICATION_ARCHIVE VALUES('4000015','2020-07-12','2300005','00009');
INSERT INTO CERTIFICATION_ARCHIVE VALUES('4000016','2020-08-11','2300007','00010');
INSERT INTO CERTIFICATION_ARCHIVE VALUES('4000017','2020-05-05','2300008','00012');
INSERT INTO CERTIFICATION_ARCHIVE VALUES('4000018','2020-02-19','2300009','00011');
INSERT INTO CERTIFICATION_ARCHIVE VALUES('4000019','2020-03-13','2300004','00018');
INSERT INTO CERTIFICATION_ARCHIVE VALUES('4000020','2020-09-13','2300004','00008');

CREATE TABLE INTERNSHIP (
INTERNSHIP_CODE integer(7),
COMPANY_NAME varchar(25),
CERTIFICATE_ID integer(7)
);

INSERT INTO INTERNSHIP VALUES('3330001','TechInfo','4000001');
INSERT INTO INTERNSHIP VALUES('3330002','Informatics Company','4000002');
INSERT INTO INTERNSHIP VALUES('3330003','Technology Company','4000003');
INSERT INTO INTERNSHIP VALUES('3330004','ICK','4000004');
INSERT INTO INTERNSHIP VALUES('3330005','TechInfo','4000005');
INSERT INTO INTERNSHIP VALUES('3330006','Innovation Center','4000006');
INSERT INTO INTERNSHIP VALUES('3330007','Technology Specialists','4000007');
INSERT INTO INTERNSHIP VALUES('3330008','TechInfo','4000008');
INSERT INTO INTERNSHIP VALUES('3330009','Company Technology','4000009');
INSERT INTO INTERNSHIP VALUES('3330010','TechInformation','4000010');
INSERT INTO INTERNSHIP VALUES('3330011','Informatics Company','4000011');
INSERT INTO INTERNSHIP VALUES('3330012','Company Technology','4000012');
INSERT INTO INTERNSHIP VALUES('3330013','TechInfo','4000013');
INSERT INTO INTERNSHIP VALUES('3330014','Cacttus','4000014');
INSERT INTO INTERNSHIP VALUES('3330015','ICK','4000015');
INSERT INTO INTERNSHIP VALUES('3330016','TechInfo','4000016');
INSERT INTO INTERNSHIP VALUES('3330017','Cacttus','4000017');
INSERT INTO INTERNSHIP VALUES('3330018','Technology Enthusiasts','4000018');
INSERT INTO INTERNSHIP VALUES('3330019','ICK','4000019');
INSERT INTO INTERNSHIP VALUES('3330020','Fracton','4000020');



CREATE TABLE QUALIFICATIONS (
STAFF_ID integer(7),
EDUCATION_DEGREE varchar(30),
PRIOR_EXPERIENCE boolean
);
INSERT INTO QUALIFICATIONS VALUES('4500001', 'Bachelor Degree',true);
INSERT INTO QUALIFICATIONS VALUES('4500002','Masters Degree',true);
INSERT INTO QUALIFICATIONS VALUES('4500003', 'Masters Degree',true);
INSERT INTO QUALIFICATIONS VALUES('4500004','Bachelor Degree',false);
INSERT INTO QUALIFICATIONS VALUES('4500005','High School Degree',true);
INSERT INTO QUALIFICATIONS VALUES('4500006','High School Degree',true);
INSERT INTO QUALIFICATIONS VALUES('4500007','Bachelor Degree',true);
INSERT INTO QUALIFICATIONS VALUES('4500008','Masters Degree',true);
INSERT INTO QUALIFICATIONS VALUES('4500009','Bachelor Degree',false);
INSERT INTO QUALIFICATIONS VALUES('4500010','High School Degree',true);
INSERT INTO QUALIFICATIONS VALUES('4500011','Bachelor Degree',false);
INSERT INTO QUALIFICATIONS VALUES('4500012','Bachelor Degree',true);
INSERT INTO QUALIFICATIONS VALUES('4500013','Masters Degree',true);
INSERT INTO QUALIFICATIONS VALUES('4500014','Bachelor Degree',true);
INSERT INTO QUALIFICATIONS VALUES('4500015','Masters Degree',false);
INSERT INTO QUALIFICATIONS VALUES('4500016','Bachelor Degree',false);
INSERT INTO QUALIFICATIONS VALUES('4500017','Bachelor Degree',true);
INSERT INTO QUALIFICATIONS VALUES('4500018','Bachelor Degree',true);
INSERT INTO QUALIFICATIONS VALUES('4500019','Masters Degree',false);
INSERT INTO QUALIFICATIONS VALUES('4500020','High School Degree',true);
INSERT INTO QUALIFICATIONS VALUES('3400001','Doctorate Degree',true);
INSERT INTO QUALIFICATIONS VALUES('3400002','Doctorate Degree',true);
INSERT INTO QUALIFICATIONS VALUES('3400003','Doctorate Degree',false);
INSERT INTO QUALIFICATIONS VALUES('3400004','Doctorate Degree',true);
INSERT INTO QUALIFICATIONS VALUES('3400005','Doctorate Degree',false);
INSERT INTO QUALIFICATIONS VALUES('3400006','Doctorate Degree',true);
INSERT INTO QUALIFICATIONS VALUES('3400007','Doctorate Degree',true);
INSERT INTO QUALIFICATIONS VALUES('3400008','Doctorate Degree',true);
INSERT INTO QUALIFICATIONS VALUES('3400009','Doctorate Degree',true);
INSERT INTO QUALIFICATIONS VALUES('3400010','Doctorate Degree',false);
INSERT INTO QUALIFICATIONS VALUES('3400011','Doctorate Degree',false);
INSERT INTO QUALIFICATIONS VALUES('3400012','Doctorate Degree',true);
INSERT INTO QUALIFICATIONS VALUES('3400013','Doctorate Degree',true);
INSERT INTO QUALIFICATIONS VALUES('3400014','Doctorate Degree',true);
INSERT INTO QUALIFICATIONS VALUES('3400015','Doctorate Degree',true);
INSERT INTO QUALIFICATIONS VALUES('3400016','Doctorate Degree',false);
INSERT INTO QUALIFICATIONS VALUES('3400017','Doctorate Degree',false);
INSERT INTO QUALIFICATIONS VALUES('3400018','Doctorate Degree',true);
INSERT INTO QUALIFICATIONS VALUES('3400019','Doctorate Degree',true);
INSERT INTO QUALIFICATIONS VALUES('3400020','Doctorate Degree',true);

